{"entities":{"pages":{"Home":{"id":"Home","title":"TaskLynx – API – Home","url":"home.html","level":0,"pages":["Trabajo","Trabajador","TrabajadorView","Tutorial"],"tabIndex":0},"Trabajo":{"id":"Trabajo","title":"Trabajo","url":"trabajo.html","level":1,"parentId":"Home","tabIndex":0},"Trabajador":{"id":"Trabajador","title":"Trabajador","url":"trabajador.html","level":1,"parentId":"Home","tabIndex":1},"TrabajadorView":{"id":"TrabajadorView","title":"Trabajador - Views","url":"trabajadorview.html","level":1,"parentId":"Home","tabIndex":2},"Tutorial":{"id":"Tutorial","title":"Tutorial","url":"tutorial.html","level":1,"parentId":"Home","tabIndex":3}}},"topLevelIds":["Home"]}